material_id,source_path,source_folder,material_name,material_category,asset_layer,candidate_asset_id,candidate_asset_name,target_page_types,primary_output,needs_direct_html,needs_rule,priority,proposed_target_path,conversion_strategy,coverage_status,width,height,mode
M001,场景/典型页面 2/提单/分步表单.png,场景/典型页面 2/提单,分步表单,典型页面,page_recipe,step-form,分步表单,CreatePage | EditPage,recipe + optional page skeleton,partial,yes,P1,assets/page-recipes/step-form.recipe.md,提炼页面区域顺序、组合配方、可选模块，不建议直接做整页主模板,listed_from_zip,6355,12765,RGBA
M002,场景/典型页面 2/提单/基础表单-上下布局.png,场景/典型页面 2/提单,基础表单-上下布局,典型页面,page_recipe,basic-form-vertical-layout,基础表单-上下布局,CreatePage | EditPage,recipe + optional page skeleton,partial,yes,P0,assets/page-recipes/basic-form-vertical-layout.recipe.md,提炼页面区域顺序、组合配方、可选模块，不建议直接做整页主模板,listed_from_zip,6355,11377,RGBA
M003,场景/典型页面 2/提单/基础表单-左右表单.png,场景/典型页面 2/提单,基础表单-左右表单,典型页面,page_recipe,basic-form-horizontal-layout,基础表单-左右表单,CreatePage | EditPage,recipe + optional page skeleton,partial,yes,P0,assets/page-recipes/basic-form-horizontal-layout.recipe.md,提炼页面区域顺序、组合配方、可选模块，不建议直接做整页主模板,listed_from_zip,6355,15720,RGBA
M004,场景/典型页面 2/表格页/卡片表格.png,场景/典型页面 2/表格页,卡片表格,典型页面,page_recipe,card-table-page,卡片表格,TablePage,recipe + optional page skeleton,partial,yes,P1,assets/page-recipes/card-table-page.recipe.md,提炼页面区域顺序、组合配方、可选模块，不建议直接做整页主模板,listed_from_zip,3300,19768,RGBA
M005,场景/典型页面 2/表格页/可编辑表格页.png,场景/典型页面 2/表格页,可编辑表格页,典型页面,page_recipe,editable-table-page,可编辑表格页,TablePage,recipe + optional page skeleton,partial,yes,P1,assets/page-recipes/editable-table-page.recipe.md,提炼页面区域顺序、组合配方、可选模块，不建议直接做整页主模板,listed_from_zip,2062,8284,P
M006,场景/典型页面 2/表格页/基础表格.png,场景/典型页面 2/表格页,基础表格,典型页面,page_recipe,basic-table-page,基础表格,TablePage,recipe + optional page skeleton,partial,yes,P0,assets/page-recipes/basic-table-page.recipe.md,提炼页面区域顺序、组合配方、可选模块，不建议直接做整页主模板,listed_from_zip,3000,8017,RGBA
M007,场景/典型页面 2/表格页/多栏表格.png,场景/典型页面 2/表格页,多栏表格,典型页面,page_recipe,multi-column-table-page,多栏表格,TablePage,recipe + optional page skeleton,partial,yes,P1,assets/page-recipes/multi-column-table-page.recipe.md,提炼页面区域顺序、组合配方、可选模块，不建议直接做整页主模板,listed_from_zip,2400,17355,RGBA
M008,场景/典型页面 2/表格页/报表.png,场景/典型页面 2/表格页,报表,典型页面,page_recipe,report-page,报表,TablePage,recipe + optional page skeleton,partial,yes,P1,assets/page-recipes/report-page.recipe.md,提炼页面区域顺序、组合配方、可选模块，不建议直接做整页主模板,listed_from_zip,2550,6452,RGBA
M009,场景/典型页面 2/表格页/汇总信息.png,场景/典型页面 2/表格页,汇总信息,典型页面,page_recipe,summary-info-page,汇总信息,TablePage,recipe + optional page skeleton,partial,yes,P1,assets/page-recipes/summary-info-page.recipe.md,提炼页面区域顺序、组合配方、可选模块，不建议直接做整页主模板,listed_from_zip,2200,3546,RGBA
M010,场景/典型页面 2/表格页/父子.png,场景/典型页面 2/表格页,父子,典型页面,page_recipe,parent-child-table-page,父子,TablePage,recipe + optional page skeleton,partial,yes,P1,assets/page-recipes/parent-child-table-page.recipe.md,提炼页面区域顺序、组合配方、可选模块，不建议直接做整页主模板,listed_from_zip,2743,3725,RGBA
M011,场景/典型页面 2/详情/编辑页.png,场景/典型页面 2/详情,编辑页,典型页面,page_recipe,edit-page,编辑页,EditPage,recipe + optional page skeleton,partial,yes,P1,assets/page-recipes/edit-page.recipe.md,提炼页面区域顺序、组合配方、可选模块，不建议直接做整页主模板,listed_from_zip,3772,5613,RGBA
M012,场景/典型页面 2/详情/详情页-上下布局.png,场景/典型页面 2/详情,详情页-上下布局,典型页面,page_recipe,detail-page-vertical-layout,详情页-上下布局,DetailPage,recipe + optional page skeleton,partial,yes,P0,assets/page-recipes/detail-page-vertical-layout.recipe.md,提炼页面区域顺序、组合配方、可选模块，不建议直接做整页主模板,listed_from_zip,6355,11197,RGBA
M013,场景/典型页面 2/详情/详情页-基础样式-左右布局.png,场景/典型页面 2/详情,详情页-基础样式-左右布局,典型页面,page_recipe,detail-page-basic-side-layout,详情页-基础样式-左右布局,DetailPage,recipe + optional page skeleton,partial,yes,P0,assets/page-recipes/detail-page-basic-side-layout.recipe.md,提炼页面区域顺序、组合配方、可选模块，不建议直接做整页主模板,listed_from_zip,6355,14999,RGBA
M014,场景/典型页面 2/详情/详情页-表格样式-左右布局.png,场景/典型页面 2/详情,详情页-表格样式-左右布局,典型页面,page_recipe,detail-page-table-side-layout,详情页-表格样式-左右布局,TablePage,recipe + optional page skeleton,partial,yes,P0,assets/page-recipes/detail-page-table-side-layout.recipe.md,提炼页面区域顺序、组合配方、可选模块，不建议直接做整页主模板,listed_from_zip,6355,8197,RGBA
M015,场景/典型页面 2/配置页面/设置页 (1).png,场景/典型页面 2/配置页面,设置页 (1),典型页面,page_recipe,settings-page,设置页 (1),SettingsPage,recipe + optional page skeleton,partial,yes,P0,assets/page-recipes/settings-page.recipe.md,提炼页面区域顺序、组合配方、可选模块，不建议直接做整页主模板,listed_from_zip,2000,10700,RGBA
M016,场景/典型页面 2/首页/业务首页.png,场景/典型页面 2/首页,业务首页,典型页面,page_recipe,business-home-page,业务首页,HomePage,recipe + optional page skeleton,partial,yes,P0,assets/page-recipes/business-home-page.recipe.md,提炼页面区域顺序、组合配方、可选模块，不建议直接做整页主模板,listed_from_zip,1280,6593,RGBA
M017,场景/典型页面 2/首页/首页.png,场景/典型页面 2/首页,首页,典型页面,page_recipe,home-page,首页,HomePage,recipe + optional page skeleton,partial,yes,P0,assets/page-recipes/home-page.recipe.md,提炼页面区域顺序、组合配方、可选模块，不建议直接做整页主模板,listed_from_zip,2200,9899,RGBA
M018,场景/反馈/Alert 警告提示.png,场景/反馈,Alert 警告提示,反馈,feedback_rule_asset,alert,Alert 警告提示,All,HTML fragment + rule,yes,yes,P1,assets/states/alert.html,转为局部/全局反馈资产,listed_from_zip,2000,2933,RGBA
M019,场景/反馈/Message 全局提示.png,场景/反馈,Message 全局提示,反馈,feedback_rule_asset,message,Message 全局提示,All,HTML fragment + rule,yes,yes,P1,assets/states/message.html,转为局部/全局反馈资产,listed_from_zip,2000,2394,RGBA
M020,场景/反馈/Popconfirm 气泡确认框.png,场景/反馈,Popconfirm 气泡确认框,反馈,overlay_asset,popconfirm,Popconfirm 气泡确认框,Overlay | FullPage,HTML fragment,yes,yes,P0,assets/overlays/popconfirm.html,转为覆盖层资产，必须定义挂载位置和触发条件,listed_from_zip,2472,4526,RGBA
M021,场景/反馈/Progress 进度条.png,场景/反馈,Progress 进度条,反馈,state_asset,progress,Progress 进度条,All,HTML fragment,yes,yes,P1,assets/states/progress.html,转为状态资产，定义出现条件和替换位置,listed_from_zip,2000,5374,RGBA
M022,场景/反馈/Skeleton 骨架屏.png,场景/反馈,Skeleton 骨架屏,反馈,state_asset,skeleton,Skeleton 骨架屏,All,HTML fragment,yes,yes,P1,assets/states/skeleton.html,转为状态资产，定义出现条件和替换位置,listed_from_zip,2000,2266,RGBA
M023,场景/反馈/Spin 加载中.png,场景/反馈,Spin 加载中,反馈,state_asset,spin,Spin 加载中,All,HTML fragment,yes,yes,P1,assets/states/spin.html,转为状态资产，定义出现条件和替换位置,listed_from_zip,2000,9968,RGBA
M024,场景/反馈/功能类对话框 Modal.png,场景/反馈,功能类对话框 Modal,反馈,overlay_asset,functional-modal,功能类对话框 Modal,Overlay | FullPage,HTML fragment,yes,yes,P0,assets/overlays/functional-modal.html,转为覆盖层资产，必须定义挂载位置和触发条件,listed_from_zip,2000,6444,RGBA
M025,场景/反馈/抽屉 Drawer.png,场景/反馈,抽屉 Drawer,反馈,overlay_asset,drawer,抽屉 Drawer,Overlay | FullPage,HTML fragment,yes,yes,P0,assets/overlays/drawer.html,转为覆盖层资产，必须定义挂载位置和触发条件,listed_from_zip,2000,6220,RGBA
M026,场景/反馈/确认类对话框 Modal.png,场景/反馈,确认类对话框 Modal,反馈,overlay_asset,confirm-modal,确认类对话框 Modal,Overlay | FullPage,HTML fragment,yes,yes,P0,assets/overlays/confirm-modal.html,转为覆盖层资产，必须定义挂载位置和触发条件,listed_from_zip,2000,3768,RGBA
M027,场景/反馈/结果 Result.png,场景/反馈,结果 Result,反馈,state_asset,result,结果 Result,All,HTML fragment,yes,yes,P1,assets/states/result.html,转为状态资产，定义出现条件和替换位置,listed_from_zip,2413,10102,RGBA
M028,场景/反馈/通知提醒框 Notification.png,场景/反馈,通知提醒框 Notification,反馈,feedback_rule_asset,notification,通知提醒框 Notification,All,HTML fragment + rule,yes,yes,P1,assets/states/notification.html,转为局部/全局反馈资产,listed_from_zip,2000,3190,RGBA
M029,场景/场景/上传下载.png,场景/场景,上传下载,复杂场景,business_module,upload-download,上传下载,TablePage | DetailPage | FormPage | SettingsPage,HTML fragment + rule,yes,yes,P0,assets/modules/upload-download.html,转为复杂业务模块或配置模块，必须有输入输出和边界条件,listed_from_zip,3000,11662,RGBA
M030,场景/场景/上传文件.png,场景/场景,上传文件,复杂场景,business_module,upload-file,上传文件,TablePage | DetailPage | FormPage | SettingsPage,HTML fragment + rule,yes,yes,P0,assets/modules/upload-file.html,转为复杂业务模块或配置模块，必须有输入输出和边界条件,listed_from_zip,2700,6214,RGBA
M031,场景/场景/全屏.png,场景/场景,全屏,复杂场景,business_module,fullscreen,全屏,TablePage | DetailPage | FormPage | SettingsPage,HTML fragment + rule,yes,yes,P1,assets/modules/fullscreen.html,转为复杂业务模块或配置模块，必须有输入输出和边界条件,listed_from_zip,2225,9510,RGBA
M032,场景/场景/公式编辑器/1、功能区域.png,场景/场景/公式编辑器,1、功能区域,复杂场景/公式编辑器,business_module,formula-editor-function-area,1、功能区域,TablePage | DetailPage | FormPage | SettingsPage,HTML fragment + rule,yes,yes,P1,assets/modules/formula-editor-function-area.html,转为复杂业务模块或配置模块，必须有输入输出和边界条件,listed_from_zip,3968,17561,RGBA
M033,场景/场景/公式编辑器/2、公式编辑区域+说明引导.png,场景/场景/公式编辑器,2、公式编辑区域+说明引导,复杂场景/公式编辑器,business_module,formula-editor-editing-guide,2、公式编辑区域+说明引导,TablePage | DetailPage | FormPage | SettingsPage,HTML fragment + rule,yes,yes,P0,assets/modules/formula-editor-editing-guide.html,转为复杂业务模块或配置模块，必须有输入输出和边界条件,listed_from_zip,3968,7243,RGBA
M034,场景/场景/公式编辑器/3、智能小助手+模板.png,场景/场景/公式编辑器,3、智能小助手+模板,复杂场景/公式编辑器,business_module,formula-editor-assistant-template,3、智能小助手+模板,TablePage | DetailPage | FormPage | SettingsPage,HTML fragment + rule,yes,yes,P1,assets/modules/formula-editor-assistant-template.html,转为复杂业务模块或配置模块，必须有输入输出和边界条件,listed_from_zip,3968,7259,RGBA
M035,场景/场景/公式编辑器/公式编辑器设计模式.png,场景/场景/公式编辑器,公式编辑器设计模式,复杂场景/公式编辑器,business_module,formula-editor-pattern,公式编辑器设计模式,TablePage | DetailPage | FormPage | SettingsPage,HTML fragment + rule,yes,yes,P0,assets/modules/formula-editor-pattern.html,转为复杂业务模块或配置模块，必须有输入输出和边界条件,listed_from_zip,3968,5870,RGBA
M036,场景/场景/图片裁剪.png,场景/场景,图片裁剪,复杂场景,business_module,image-crop,图片裁剪,TablePage | DetailPage | FormPage | SettingsPage,HTML fragment + rule,yes,yes,P1,assets/modules/image-crop.html,转为复杂业务模块或配置模块，必须有输入输出和边界条件,listed_from_zip,4414,6926,RGBA
M037,场景/场景/审批流与审批模式 (1).png,场景/场景,审批流与审批模式 (1),复杂场景,business_module,approval-flow-mode-alt,审批流与审批模式 (1),TablePage | DetailPage | FormPage | SettingsPage,HTML fragment + rule,yes,yes,P0,assets/modules/approval-flow-mode-alt.html,转为复杂业务模块或配置模块，必须有输入输出和边界条件,listed_from_zip,2000,5582,RGBA
M038,场景/场景/审批流与审批模式.png,场景/场景,审批流与审批模式,复杂场景,business_module,approval-flow-mode,审批流与审批模式,TablePage | DetailPage | FormPage | SettingsPage,HTML fragment + rule,yes,yes,P0,assets/modules/approval-flow-mode.html,转为复杂业务模块或配置模块，必须有输入输出和边界条件,listed_from_zip,2000,5582,RGBA
M039,场景/场景/异步处理.png,场景/场景,异步处理,复杂场景,business_module,async-processing,异步处理,TablePage | DetailPage | FormPage | SettingsPage,HTML fragment + rule,yes,yes,P0,assets/modules/async-processing.html,转为复杂业务模块或配置模块，必须有输入输出和边界条件,listed_from_zip,2200,9774,RGBA
M040,场景/场景/拖拽排序.png,场景/场景,拖拽排序,复杂场景,business_module,drag-sort,拖拽排序,TablePage | DetailPage | FormPage | SettingsPage,HTML fragment + rule,yes,yes,P1,assets/modules/drag-sort.html,转为复杂业务模块或配置模块，必须有输入输出和边界条件,listed_from_zip,3231,6403,RGBA
M041,场景/场景/筛选项配置.png,场景/场景,筛选项配置,复杂场景,business_module,filter-config,筛选项配置,TablePage | DetailPage | FormPage | SettingsPage,HTML fragment + rule,yes,yes,P0,assets/modules/filter-config.html,转为复杂业务模块或配置模块，必须有输入输出和边界条件,listed_from_zip,2400,7008,RGBA
M042,场景/场景/表头设置.png,场景/场景,表头设置,复杂场景,business_module,table-header-settings,表头设置,TablePage | DetailPage | FormPage | SettingsPage,HTML fragment + rule,yes,yes,P0,assets/modules/table-header-settings.html,转为复杂业务模块或配置模块，必须有输入输出和边界条件,listed_from_zip,2400,11492,RGBA
M043,场景/审批流.png,场景,审批流,复杂场景,business_module,approval-flow,审批流,TablePage | DetailPage | FormPage | SettingsPage,HTML fragment + rule,yes,yes,P0,assets/modules/approval-flow.html,转为复杂业务模块或配置模块，必须有输入输出和边界条件,listed_from_zip,3000,8373,RGBA
M044,场景/导航/web端-多页签.png,场景/导航,web端-多页签,导航,shell_navigation_rule,web-multi-tabs,web端-多页签,FullPage,rule / shell reference,partial,yes,P1,references/navigation-rules.md,用于壳子和导航规则，不优先转内容区 HTML,listed_from_zip,2000,5009,RGBA
M045,场景/导航/下拉菜单 Dropdown.png,场景/导航,下拉菜单 Dropdown,导航,navigation_region,dropdown-menu,下拉菜单 Dropdown,All,HTML fragment,yes,yes,P1,assets/regions/navigation/dropdown-menu.html,转为页面内导航/分页/步骤资产,listed_from_zip,2000,5034,RGBA
M046,场景/导航/侧边导航.png,场景/导航,侧边导航,导航,shell_navigation_rule,side-navigation,侧边导航,FullPage,rule / shell reference,partial,yes,P1,references/navigation-rules.md,用于壳子和导航规则，不优先转内容区 HTML,listed_from_zip,2200,5275,RGBA
M047,场景/导航/分页 Pagination.png,场景/导航,分页 Pagination,导航,navigation_region,pagination,分页 Pagination,All,HTML fragment,yes,yes,P1,assets/regions/navigation/pagination.html,转为页面内导航/分页/步骤资产,listed_from_zip,2200,6991,RGBA
M048,场景/导航/标签页 Tabs.png,场景/导航,标签页 Tabs,导航,navigation_region,tabs,标签页 Tabs,All,HTML fragment,yes,yes,P1,assets/regions/navigation/tabs.html,转为页面内导航/分页/步骤资产,listed_from_zip,2000,6709,RGBA
M049,场景/导航/步骤条 Steps.png,场景/导航,步骤条 Steps,导航,navigation_region,steps,步骤条 Steps,All,HTML fragment,yes,yes,P1,assets/regions/navigation/steps.html,转为页面内导航/分页/步骤资产,listed_from_zip,2000,4156,RGBA
M050,场景/导航/胶囊选项卡 CapsuleTabs .png,场景/导航,胶囊选项卡 CapsuleTabs ,导航,navigation_region,capsule-tabs,胶囊选项卡 CapsuleTabs ,All,HTML fragment,yes,yes,P1,assets/regions/navigation/capsule-tabs.html,转为页面内导航/分页/步骤资产,listed_from_zip,2000,5007,RGBA
M051,场景/导航/返回按钮 ReturnButton .png,场景/导航,返回按钮 ReturnButton ,导航,navigation_region,return-button,返回按钮 ReturnButton ,All,HTML fragment,yes,yes,P1,assets/regions/navigation/return-button.html,转为页面内导航/分页/步骤资产,listed_from_zip,2000,3573,RGBA
M052,场景/导航/锚点 Anchor.png,场景/导航,锚点 Anchor,导航,navigation_region,anchor,锚点 Anchor,All,HTML fragment,yes,yes,P1,assets/regions/navigation/anchor.html,转为页面内导航/分页/步骤资产,listed_from_zip,2000,5338,RGBA
M053,场景/导航/顶部导航 AppNav.png,场景/导航,顶部导航 AppNav,导航,shell_navigation_rule,top-navigation,顶部导航 AppNav,FullPage,rule / shell reference,partial,yes,P1,references/navigation-rules.md,用于壳子和导航规则，不优先转内容区 HTML,listed_from_zip,2200,10432,RGBA
M054,场景/按钮规则/Body 内容区按钮位置.png,场景/按钮规则,Body 内容区按钮位置,按钮规则,component_combo_rule,body-button-placement,Body 内容区按钮位置,All,rule + placement variant,partial,yes,P0,data/asset-rules.csv + assets/component-combos/body-button-placement.html,转为操作区位置规则和按钮组组合，不独立生成整页,listed_from_zip,3402,3660,RGBA
M055,场景/按钮规则/Button 按钮.png,场景/按钮规则,Button 按钮,按钮规则,interaction_rule,button,Button 按钮,All,rule,no,yes,P0,data/asset-rules.csv,转为按钮使用/禁用/链接按钮规则，约束资产装配,listed_from_zip,3402,10602,RGBA
M056,场景/按钮规则/Footer 页面底部区按钮位置.png,场景/按钮规则,Footer 页面底部区按钮位置,按钮规则,component_combo_rule,footer-button-placement,Footer 页面底部区按钮位置,All,rule + placement variant,partial,yes,P0,data/asset-rules.csv + assets/component-combos/footer-button-placement.html,转为操作区位置规则和按钮组组合，不独立生成整页,listed_from_zip,3402,3596,RGBA
M057,场景/按钮规则/Header页面头部区域按钮位置.png,场景/按钮规则,Header页面头部区域按钮位置,按钮规则,component_combo_rule,header-button-placement,Header页面头部区域按钮位置,All,rule + placement variant,partial,yes,P0,data/asset-rules.csv + assets/component-combos/header-button-placement.html,转为操作区位置规则和按钮组组合，不独立生成整页,listed_from_zip,3402,4190,RGBA
M058,场景/按钮规则/Toolbar 操作工具区按钮位置.png,场景/按钮规则,Toolbar 操作工具区按钮位置,按钮规则,component_combo_rule,toolbar-button-placement,Toolbar 操作工具区按钮位置,All,rule + placement variant,partial,yes,P0,data/asset-rules.csv + assets/component-combos/toolbar-button-placement.html,转为操作区位置规则和按钮组组合，不独立生成整页,listed_from_zip,3402,6716,RGBA
M059,场景/按钮规则/勾选和开关按钮的使用规则.png,场景/按钮规则,勾选和开关按钮的使用规则,按钮规则,interaction_rule,checkbox-switch-rule,勾选和开关按钮的使用规则,All,rule,no,yes,P0,data/asset-rules.csv,转为按钮使用/禁用/链接按钮规则，约束资产装配,listed_from_zip,2958,7919,RGBA
M060,场景/按钮规则/按钮使用原则.png,场景/按钮规则,按钮使用原则,按钮规则,interaction_rule,button-principles,按钮使用原则,All,rule,no,yes,P0,data/asset-rules.csv,转为按钮使用/禁用/链接按钮规则，约束资产装配,listed_from_zip,3402,16212,RGBA
M061,场景/按钮规则/禁用态探索.png,场景/按钮规则,禁用态探索,按钮规则,interaction_rule,disabled-state-exploration,禁用态探索,All,rule,no,yes,P0,data/asset-rules.csv,转为按钮使用/禁用/链接按钮规则，约束资产装配,listed_from_zip,3748,19856,RGBA
M062,场景/按钮规则/禁用按钮使用规则.png,场景/按钮规则,禁用按钮使用规则,按钮规则,interaction_rule,disabled-button-rule,禁用按钮使用规则,All,rule,no,yes,P0,data/asset-rules.csv,转为按钮使用/禁用/链接按钮规则，约束资产装配,listed_from_zip,3402,13932,RGBA
M063,场景/按钮规则/链接按钮使用规则.png,场景/按钮规则,链接按钮使用规则,按钮规则,interaction_rule,link-button-rule,链接按钮使用规则,All,rule,no,yes,P0,data/asset-rules.csv,转为按钮使用/禁用/链接按钮规则，约束资产装配,listed_from_zip,5400,5040,RGBA
M064,场景/数据 录入/Input 输入框.png,场景/数据 录入,Input 输入框,数据录入,component_combo,input,Input 输入框,FormPage | FilterBar | Overlay,HTML fragment + rule,partial,yes,P1,assets/component-combos/input.html,转为表单控件组合规则，必要时生成控件片段,listed_from_zip,2000,6716,RGBA
M065,场景/数据 录入/InputNumber 数字输入框.png,场景/数据 录入,InputNumber 数字输入框,数据录入,component_combo,input-number,InputNumber 数字输入框,FormPage | FilterBar | Overlay,HTML fragment + rule,partial,yes,P1,assets/component-combos/input-number.html,转为表单控件组合规则，必要时生成控件片段,listed_from_zip,2000,6459,RGBA
M066,场景/数据 录入/Radio 单选框.png,场景/数据 录入,Radio 单选框,数据录入,component_combo,radio,Radio 单选框,FormPage | FilterBar | Overlay,HTML fragment + rule,partial,yes,P1,assets/component-combos/radio.html,转为表单控件组合规则，必要时生成控件片段,listed_from_zip,2000,7373,RGBA
M067,场景/数据 录入/Select 选择器.png,场景/数据 录入,Select 选择器,数据录入,component_combo,select,Select 选择器,FormPage | FilterBar | Overlay,HTML fragment + rule,partial,yes,P1,assets/component-combos/select.html,转为表单控件组合规则，必要时生成控件片段,listed_from_zip,2000,4968,RGBA
M068,场景/数据 录入/Sidebar Contents 分栏目录.png,场景/数据 录入,Sidebar Contents 分栏目录,数据录入,component_combo,sidebar-contents,Sidebar Contents 分栏目录,FormPage | FilterBar | Overlay,HTML fragment + rule,partial,yes,P1,assets/component-combos/sidebar-contents.html,转为表单控件组合规则，必要时生成控件片段,listed_from_zip,2400,11604,RGBA
M069,场景/数据 录入/上传 Upload.png,场景/数据 录入,上传 Upload,数据录入,component_combo,upload,上传 Upload,FormPage | FilterBar | Overlay,HTML fragment + rule,partial,yes,P1,assets/component-combos/upload.html,转为表单控件组合规则，必要时生成控件片段,listed_from_zip,2700,7447,RGBA
M070,场景/数据 录入/多选 Checkbox (1).png,场景/数据 录入,多选 Checkbox (1),数据录入,component_combo,checkbox,多选 Checkbox (1),FormPage | FilterBar | Overlay,HTML fragment + rule,partial,yes,P1,assets/component-combos/checkbox.html,转为表单控件组合规则，必要时生成控件片段,listed_from_zip,2000,3363,RGBA
M071,场景/数据 录入/开关 Switch.png,场景/数据 录入,开关 Switch,数据录入,component_combo,switch,开关 Switch,FormPage | FilterBar | Overlay,HTML fragment + rule,partial,yes,P1,assets/component-combos/switch.html,转为表单控件组合规则，必要时生成控件片段,listed_from_zip,2000,3851,RGBA
M072,场景/数据 录入/日期时间选择器 DatePicker.png,场景/数据 录入,日期时间选择器 DatePicker,数据录入,component_combo,date-picker,日期时间选择器 DatePicker,FormPage | FilterBar | Overlay,HTML fragment + rule,partial,yes,P1,assets/component-combos/date-picker.html,转为表单控件组合规则，必要时生成控件片段,listed_from_zip,2192,5532,RGBA
M073,场景/数据 录入/日期时间选择器 TimePicker.png,场景/数据 录入,日期时间选择器 TimePicker,数据录入,component_combo,time-picker,日期时间选择器 TimePicker,FormPage | FilterBar | Overlay,HTML fragment + rule,partial,yes,P1,assets/component-combos/time-picker.html,转为表单控件组合规则，必要时生成控件片段,listed_from_zip,2192,3380,RGBA
M074,场景/数据 录入/树选择 TreeSelect.png,场景/数据 录入,树选择 TreeSelect,数据录入,component_combo,tree-select,树选择 TreeSelect,FormPage | FilterBar | Overlay,HTML fragment + rule,partial,yes,P1,assets/component-combos/tree-select.html,转为表单控件组合规则，必要时生成控件片段,listed_from_zip,2000,3374,RGBA
M075,场景/数据 录入/级联选择 Cascader (1).png,场景/数据 录入,级联选择 Cascader (1),数据录入,component_combo,cascader,级联选择 Cascader (1),FormPage | FilterBar | Overlay,HTML fragment + rule,partial,yes,P1,assets/component-combos/cascader.html,转为表单控件组合规则，必要时生成控件片段,listed_from_zip,2100,4849,RGBA
M076,场景/数据 录入/表单 Form.png,场景/数据 录入,表单 Form,数据录入,form_region,form,表单 Form,FormPage | EditPage | Overlay,HTML fragment,yes,yes,P0,assets/regions/form/form.html,转为表单区域资产和字段组规则,listed_from_zip,2225,10576,RGBA
M077,场景/数据展示/Badge 徽标.png,场景/数据展示,Badge 徽标,数据展示,display_component_combo,badge,Badge 徽标,All,HTML fragment + rule,partial,yes,P2,assets/component-combos/display/badge.html,转为展示组件组合/使用规则,listed_from_zip,2225,5301,RGBA
M078,场景/数据展示/Empty 空状态.png,场景/数据展示,Empty 空状态,数据展示,state_asset,empty,Empty 空状态,All,HTML fragment,yes,yes,P1,assets/states/empty.html,转为空状态资产,listed_from_zip,2000,8417,RGBA
M079,场景/数据展示/FilePreview 文件预览.png,场景/数据展示,FilePreview 文件预览,数据展示,display_module,file-preview,FilePreview 文件预览,TablePage | DetailPage | SettingsPage,HTML fragment,yes,yes,P1,assets/modules/display/file-preview.html,转为展示模块资产,listed_from_zip,2544,7658,RGBA
M080,场景/数据展示/Image 图片.png,场景/数据展示,Image 图片,数据展示,display_component_combo,image,Image 图片,All,HTML fragment + rule,partial,yes,P2,assets/component-combos/display/image.html,转为展示组件组合/使用规则,listed_from_zip,2225,11213,RGBA
M081,场景/数据展示/Segmented 分段控制器.png,场景/数据展示,Segmented 分段控制器,数据展示,display_component_combo,segmented,Segmented 分段控制器,All,HTML fragment + rule,partial,yes,P2,assets/component-combos/display/segmented.html,转为展示组件组合/使用规则,listed_from_zip,2000,4243,RGBA
M082,场景/数据展示/Tag 标签.png,场景/数据展示,Tag 标签,数据展示,display_component_combo,tag,Tag 标签,All,HTML fragment + rule,partial,yes,P2,assets/component-combos/display/tag.html,转为展示组件组合/使用规则,listed_from_zip,2000,6418,RGBA
M083,场景/数据展示/Tour 漫游式引导.png,场景/数据展示,Tour 漫游式引导,数据展示,display_component_combo,tour,Tour 漫游式引导,All,HTML fragment + rule,partial,yes,P2,assets/component-combos/display/tour.html,转为展示组件组合/使用规则,listed_from_zip,2292,5441,RGBA
M084,场景/数据展示/Tree 树形控件.png,场景/数据展示,Tree 树形控件,数据展示,display_module,tree,Tree 树形控件,TablePage | DetailPage | SettingsPage,HTML fragment,yes,yes,P1,assets/modules/display/tree.html,转为展示模块资产,listed_from_zip,2000,4153,RGBA
M085,场景/数据展示/折叠面板 Collapse.png,场景/数据展示,折叠面板 Collapse,数据展示,display_module,collapse,折叠面板 Collapse,TablePage | DetailPage | SettingsPage,HTML fragment,yes,yes,P1,assets/modules/display/collapse.html,转为展示模块资产,listed_from_zip,2000,5778,RGBA
M086,场景/数据展示/描述列表 Descriptions.png,场景/数据展示,描述列表 Descriptions,数据展示,display_module,descriptions,描述列表 Descriptions,TablePage | DetailPage | SettingsPage,HTML fragment,yes,yes,P0,assets/modules/display/descriptions.html,转为展示模块资产,listed_from_zip,2225,8797,RGBA
M087,场景/数据展示/文字提示 Tooltip.png,场景/数据展示,文字提示 Tooltip,数据展示,display_component_combo,tooltip,文字提示 Tooltip,All,HTML fragment + rule,partial,yes,P2,assets/component-combos/display/tooltip.html,转为展示组件组合/使用规则,listed_from_zip,2000,4002,RGBA
M088,场景/数据展示/气泡卡片  Popover.png,场景/数据展示,气泡卡片  Popover,数据展示,display_component_combo,popover,气泡卡片  Popover,All,HTML fragment + rule,partial,yes,P2,assets/component-combos/display/popover.html,转为展示组件组合/使用规则,listed_from_zip,2000,6448,RGBA
M089,场景/数据展示/表格 Table.png,场景/数据展示,表格 Table,数据展示,display_module,table,表格 Table,TablePage | DetailPage | SettingsPage,HTML fragment,yes,yes,P0,assets/modules/display/table.html,转为展示模块资产,listed_from_zip,2000,14411,P
M090,场景/数据展示/表格-表头筛选.png,场景/数据展示,表格-表头筛选,数据展示,display_module,table-header-filter,表格-表头筛选,TablePage | DetailPage | SettingsPage,HTML fragment,yes,yes,P0,assets/modules/display/table-header-filter.html,转为展示模块资产,listed_from_zip,2000,6050,P
M091,场景/数据展示/走马灯 Carousel.png,场景/数据展示,走马灯 Carousel,数据展示,display_component_combo,carousel,走马灯 Carousel,All,HTML fragment + rule,partial,yes,P2,assets/component-combos/display/carousel.html,转为展示组件组合/使用规则,listed_from_zip,2000,4361,RGBA
